{
    "a" : {
      "base" : [[
        [0.000000, 0.000000],
        [4.500000, 0.000000],
        [2.666667, 5.700000],
        [1.766667, 5.700000]
      ]],
      "subtract" : [
        [
          [0.783333, -0.033333],
          [3.650000, -0.033333],
          [3.200000, 1.350000],
          [1.183333, 1.350000]
        ], [
          [1.383333, 2.133333],
          [2.950000, 2.133333],
          [2.166667, 4.683333]
        ]
      ]
    },
    
    "b" : {
      "base" : [[
        [0.000000,	0.000000],
        [3.150000,	0.000000],
        [4.150000,	1.000000],        
        [4.066667,	4.683333],
        [3.033333,	5.616667],
        [0.000000,	5.616667]
      ]],
      "subtract" : [
        [
          [0.866667,	0.700000],
          [2.783333,	0.700000],
          [3.366667,	1.266667],
          [3.366667,	2.066667],
          [2.783333,	2.583333],
          [0.866667,	2.583333]
        ], [
          [0.866667,	3.266667],
          [2.783333,	3.266667],
          [3.366667,	3.650000],
          [3.366667,	4.383333],
          [2.650000,	4.950000],
          [0.866667,	4.950000]
        ], [
          [4.183333,	2.400000],
          [4.183333,	3.383333],
          [3.583333,	2.916667]
        ]
      ]
    },
    
    "c" : {
      "base" : [[
        [4.200000,	4.666667],
        [3.183333,	5.650000],
        [1.400000,	5.650000],
        [0.000000,	4.300000],
        [0.000000,	1.450000],
        [1.400000,	0.000000],
        [3.250000,	0.000000],
        [4.200000,	1.016667]
      ]],
      "subtract" : [
        [
          [3.466667,	4.283333],
          [2.850000,	4.866667],
          [1.783333,	4.866667],
          [0.750000,	3.966667],
          [0.750000,	1.783333],
          [1.750000,	0.800000],
          [2.883333,	0.800000],
          [3.466667,	1.416667]
        ],
        [
          [4.233333,	4.316667],
          [3.266667,	4.283333],
          [3.266667,	1.416667],
          [4.233333,	1.416667]
        ] 
      ]
    },
    
    "d" : {
      "base" : [[
        [0.000000,	0.000000],
        [2.866667,	0.000000],
        [4.166667,	1.416667],
        [4.166667,	4.300000],
        [2.850000,	5.683333],
        [0.000000,	5.683333]
      ]],
      "subtract" : [
        [
          [0.766667,	0.800000],
          [2.516667,	0.800000],
          [3.433333,	1.733333],
          [3.433333,	3.983333],
          [2.516667,	4.883333],
          [0.766667,	4.883333]
        ]
      ]
    },
    
    "e" : {
      "base" : [[
        [0.000000,	0.000000],
        [3.783333,	0.000000],
        [3.783333,	5.716667],
        [0.000000,	5.716667]
      ]],
      "subtract" : [
        [
          [2.626667,	3.300000],
          [3.783333,	4.866667],
          [0.816667,	4.866667],
          [0.816667,	3.300000]
        ], [
          [2.626667,	2.533333],
          [0.816667,	2.533333],
          [0.816667,	0.766667],
          [3.783333,	0.766667]
        ], [
          [3.783333,	0.766667],
          [3.784333,  0.766667],
          [3.784333,  4.866667],
          [3.783333,	4.866667],
          [2.616667,	3.300000],
          [2.616667,	2.533333]
        ]
      ]
    },
    
    "f" : {
      "base" : [[
        [0.000000,	0.000000],
        [3.783333,	0.000000],
        [3.783333,	5.716667],
        [0.000000,	5.716667]
      ]],
      "subtract" : [
        [
          [2.626667,	3.300000],
          [3.783333,	4.866667],
          [0.816667,	4.866667],
          [0.816667,	3.300000]
        ], [
          [3.789333,	2.533333],
          [0.816667,	2.533333],
          [0.816667,	-0.1],
          [3.789333,	-0.1]
        ], [
          [3.783333,	0.766667],
          [3.784333,  0.766667],
          [3.784333,  4.866667],
          [3.783333,	4.866667],
          [2.616667,	3.300000],
          [2.616667,	2.533333]
        ]
      ]
    },
    
    "g" : {
      "base" : [[
        [1.450000,	0.000000],
        [3.216667,	0.000000],
        [4.233333,	1.100000],
        [4.233333,	4.766667],
        [3.166667,	5.750000],
        [1.450000,	5.750000],
        [0.000000,	4.350000],
        [0.000000,	1.483333]
        ]],
      "subtract" : [
        [
          [4.243333,	2.900000],
          [4.243333,	4.350000],
          [3.456667,	4.383333],
          [2.723333,	2.900000]
        ], [
          [3.466667,	4.383333],
          [2.883333,	4.966667],
          [1.783333,	4.966667],
          [2.723333,	2.900000]
        ], [
          [1.783333,	4.966667],
          [0.816667,	4.016667],
          [0.816667,	1.816667],
          [2.733333,	2.183333],
          [2.733333,	2.900000]
        ], [
          [2.723333,	2.183333],
          [0.816667,	1.816667],
          [1.750000,	0.866667],
          [2.883333,	0.866667],
          [3.466667,	1.433333],
          [3.466667,	2.183333]
        ]
      ]
    },
    
    "h" : {
      "base" : [[
        [0.000000,	0.000000],
        [3.733333,	0.000000],
        [3.733333,	5.683333],
        [0.000000,	5.683333]
      ]],
      "subtract" : [
        [
          [0.816667,	-0.200000],
          [2.883333,	-0.200000],
          [2.883333,	2.483333],
          [0.816667,	2.483333]
        ], [
          [0.816667,	3.266667],
          [2.883333,	3.266667],
          [2.883333,	5.900000],
          [0.816667,	5.900000]
        ]
      ]
    },
    
    "i" : {
      "base" : [[
        [0.000000,	0.000000],
        [0.650000,	0.000000],
        [0.650000,	5.683333],
        [0.000000,	5.683333]
      ]]
    },
    
    "j" : {
      "base" : [[
        [0.983333,	0.000000],
        [2.700000,	0.000000],
        [3.666667,	1.083333],
        [3.666667,	5.800000],
        [2.933333,	5.800000],
        [0.050000,	1.466667],
        [0.050000,	1.100000]
      ]],
      "subtract" : [
        [
          [2.933333,	5.800000],
          [0.020000,	1.433333],
          [0.743333,	1.433333]
        ], [
          [2.933333,	5.800000],
          [0.733333,	1.433333],
          [1.316667,	0.883333],
          [2.350000,	0.883333],
          [2.933333,	1.433333]
        ]
      ]
    },
    
    "k" : {
      "base" : [[
        [0.000000,	0.000000],
        [3.650000,	0.000000],
        [3.233333,	5.683333],
        [0.000000,	5.683333]
      ]],
      "subtract" : [
        [
          [0.766667,	-0.010000],
          [2.716667,	-0.010000],
          [0.733333,	2.550000]
        ], [
          [0.733333,	5.684333],
          [0.733333,	3.683333],
          [2.350000,	5.684333]
        ], [
          [3.243333,	5.693333],
          [1.200000,	3.116667],
          [3.660000,	-0.010000]
        ]
      ]
    },
    
    "l" : {
      "base" : [[
        [0.000000,	0.000000],
        [3.650000,	0.000000],
        [3.650000,	0.816667],
        [0.783333,	5.716667],
        [0.000000,	5.716667]
      ]],
      "subtract" : [
        [
          [3.660000,	0.816667],
          [0.783333,	5.726667],
          [0.783333,	0.816667]
        ]
      ]
    },
    
    "m" : {
      "base" : [[
        [0.000000,	0.000000],
        [5.000000,	0.000000],
        [5.000000,	5.700000],
        [0.000000,	5.700000]
      ]],
      "subtract" : [
        [
          [0.700000,	-0.033333],
          [2.083333,	-0.033333],
          [0.683333,	4.600000]
        ], [
          [2.933333,	-0.033333],
          [4.283333,	-0.033333],
          [4.233333,	4.600000]
        ], [
          [3.900000,	5.733333],
          [1.050000,	5.733333],
          [2.516667,	1.266667]
        ]
      ]
    },
    
    "n" : {
      "base" : [[
        [0.000000,	0.000000],
        [4.050000,	0.000000],
        [4.050000,	5.700000],
        [0.000000,	5.700000]
      ]],
      "subtract" : [
        [
          [0.750000,	-0.033333],
          [3.166667,	-0.033333],
          [0.766667,	4.316667]
        ], [
          [3.250000,	5.766667],
          [0.800000,	5.766667],
          [3.250000,	1.400000]
        ]
      ]
    },