{
    "a" : {
      "out" : [
        [0.000000, 0.000000],
        [4.500000, 0.000000],
        [2.666667, 5.700000],
        [1.766667, 5.700000]
      ],
      "in" : [
        [
          [0.783333, -0.033333],
          [3.650000, -0.033333],
          [3.200000, 1.350000],
          [1.183333, 1.350000]
        ], [
          [1.383333, 2.133333],
          [2.950000, 2.133333],
          [2.166667, 4.683333]
        ]
      ]
    },
    
    "b" : {
      "out" : [
        [0.000000,	0.000000],
        [3.150000,	0.000000],
        [4.150000,	1.000000],        
        [4.066667,	4.683333],
        [3.033333,	5.616667],
        [0.000000,	5.616667]
      ],
      "in" : [
        [
          [0.866667,	0.700000],
          [2.783333,	0.700000],
          [3.366667,	1.266667],
          [3.366667,	2.066667],
          [2.783333,	2.583333],
          [0.866667,	2.583333]
        ], [
          [0.866667,	3.266667],
          [2.783333,	3.266667],
          [3.366667,	3.650000],
          [3.366667,	4.383333],
          [2.650000,	4.950000],
          [0.866667,	4.950000]
        ], [
          [4.183333,	2.400000],
          [4.183333,	3.383333],
          [3.583333,	2.916667]
        ]
      ]
    },
    
    "L" : {
      "out" : [

      ],
      "in" : [
        [

        ], [
          
        ]
      ]
    }
    
}